{
  "dark_noise": {
    "0": [
      1.3705548553843983e-05,
      6.925966611845312e-06,
      1.6420846122855437e-05,
      9.418348540186697e-06
    ],
    "1": [
      1.4237147070161882e-05,
      1.0113197176693373e-05,
      1.8155602674596594e-05,
      1.1744574748853328e-05
    ],
    "2": [
      1.1468119964774814e-05,
      7.755846514378167e-06,
      1.1548889915502514e-05,
      1.0808689668436798e-05
    ],
    "3": [
      1.4194864661476458e-05,
      7.13085319751891e-06,
      1.5543913605142734e-05,
      8.788945539730791e-06
    ],
    "4": [
      1.662544036662439e-05,
      7.830551917419673e-06,
      2.1257817479636287e-05,
      6.851806068985099e-06
    ],
    "5": [
      1.568947027408285e-05,
      9.561303764689868e-06,
      2.1082769308122806e-05,
      1.1734255380052075e-05
    ],
    "6": [
      1.4987426766310818e-05,
      7.69093212554785e-06,
      1.430732027074555e-05,
      9.437264425437024e-06
    ]
  },
  "amplitudes": [
    [
      0.006589174327741778,
      0.014263157387372036
    ],
    [
      0.43222607386065504,
      0.6
    ],
    [
      0.0002955993295472581,
      0.0008382999658351764
    ],
    [
      0.0019095436437055469,
      0.005082286079414189
    ],
    [
      0.014867422869428992,
      0.025270178448408842
    ],
    [
      0.20934544503688812,
      0.425146259367466
    ],
    [
      0.21494070068001747,
      0.25512387976050377
    ],
    [
      0.00024760122095474,
      0.0005846071105629206
    ],
    [
      0.41894853430386675,
      0.6000000000000001
    ],
    [
      0.18239840848186056,
      0.3023252582865822
    ],
    [
      0.2158054732251778,
      0.2919383488611045
    ],
    [
      0.218634132604683,
      0.6
    ],
    [
      0.40341437964266436,
      0.552895892027159
    ],
    [
      0.2592545588427288,
      0.33103037890223425
    ],
    [
      0.1870836794650628,
      0.17527467169183278
    ],
    [
      0.4653697757705457,
      0.6
    ],
    [
      0.21067963056604638,
      0.23337357607419462
    ],
    [
      0.22644802516181686,
      0.5999999999999999
    ],
    [
      0.035810646253502276,
      0.04073001687239427
    ],
    [
      0.057687461037557675,
      0.08152493856055823
    ],
    [
      0.32819693661300625,
      0.6
    ],
    [
      0.11423471971961915,
      0.20615566308109956
    ]
  ],
  "signal_quality": [
    {
      "level": 3,
      "saturated": false,
      "xtalk": false
    },
    {
      "level": 3,
      "saturated": false,
      "xtalk": false
    },
    {
      "level": 1,
      "saturated": false,
      "xtalk": false
    },
    {
      "level": 2,
      "saturated": false,
      "xtalk": false
    },
    {
      "level": 3,
      "saturated": false,
      "xtalk": false
    },
    {
      "level": 3,
      "saturated": false,
      "xtalk": false
    },
    {
      "level": 3,
      "saturated": false,
      "xtalk": false
    },
    {
      "level": 1,
      "saturated": false,
      "xtalk": false
    },
    {
      "level": 3,
      "saturated": false,
      "xtalk": false
    },
    {
      "level": 3,
      "saturated": false,
      "xtalk": false
    },
    {
      "level": 3,
      "saturated": false,
      "xtalk": false
    },
    {
      "level": 3,
      "saturated": false,
      "xtalk": false
    },
    {
      "level": 3,
      "saturated": false,
      "xtalk": false
    },
    {
      "level": 3,
      "saturated": false,
      "xtalk": false
    },
    {
      "level": 3,
      "saturated": false,
      "xtalk": false
    },
    {
      "level": 3,
      "saturated": false,
      "xtalk": false
    },
    {
      "level": 3,
      "saturated": false,
      "xtalk": false
    },
    {
      "level": 3,
      "saturated": false,
      "xtalk": false
    },
    {
      "level": 3,
      "saturated": false,
      "xtalk": false
    },
    {
      "level": 3,
      "saturated": false,
      "xtalk": false
    },
    {
      "level": 3,
      "saturated": false,
      "xtalk": false
    },
    {
      "level": 3,
      "saturated": false,
      "xtalk": false
    }
  ],
  "coefficient_of_variation": [
    [
      0.2999529802980558,
      0.4546711606438184
    ],
    [
      0.25094145874792584,
      0.402766005479499
    ],
    [
      2.434191345115127,
      1.4729143781022027
    ],
    [
      0.6171362519229706,
      0.5297711128459713
    ],
    [
      0.13780039393737065,
      0.23356672531643477
    ],
    [
      0.06341543679962044,
      0.0511930325248322
    ],
    [
      0.32353752195364405,
      0.32720403654597224
    ],
    [
      2.6774136440122445,
      1.837897733394321
    ],
    [
      0.1949359881815733,
      0.28876393515384047
    ],
    [
      0.1803888135151185,
      0.25214501474513695
    ],
    [
      0.2106347168330793,
      0.3171092862252837
    ],
    [
      0.08336739992510048,
      0.11143710524159033
    ],
    [
      0.12062421070833804,
      0.19295979890404616
    ],
    [
      0.4297952511078004,
      0.693469373151773
    ],
    [
      0.1485716760437429,
      0.24058506540889743
    ],
    [
      0.2289803159655453,
      0.3371812970726424
    ],
    [
      0.29561494462717713,
      0.45486183469386465
    ],
    [
      0.06253613764934904,
      0.06453424205050158
    ],
    [
      0.24724556731761313,
      0.3684314819708357
    ],
    [
      0.07050149509034913,
      0.0926738328685197
    ],
    [
      0.30842047009383067,
      0.2906363691822474
    ],
    [
      0.10918521818369076,
      0.16700469602534163
    ]
  ]
}