{
  "dark_noise": {
    "0": [
      1.6340959518856835e-05,
      6.462565358739968e-06,
      1.8847232468033326e-05,
      7.09339001665883e-06
    ],
    "1": [
      1.360936380478961e-05,
      5.730810568901246e-06,
      8.150352641678182e-06,
      6.0721199673922025e-06
    ],
    "2": [
      5.0503371085142135e-06,
      3.057618939207367e-06,
      4.94581342991296e-06,
      2.399481293999551e-06
    ],
    "3": [
      1.1925545777558e-05,
      4.7088746126380425e-06,
      1.0947393320748233e-05,
      5.777096684467394e-06
    ],
    "4": [
      4.565164545056177e-05,
      2.6663601530645006e-05,
      3.2207472031586803e-05,
      2.5718928020629046e-05
    ],
    "5": [
      7.23510140687722e-06,
      3.7206742619144444e-06,
      6.257504878703912e-06,
      4.2844950550814056e-06
    ],
    "6": [
      2.3776603939040797e-05,
      1.3416914731474562e-05,
      2.414081791357603e-05,
      1.3882155914469939e-05
    ],
    "7": [
      3.498578735161573e-05,
      1.3577164861570874e-05,
      4.258176886651199e-05,
      1.7236283134975537e-05
    ]
  },
  "amplitudes": [
    [
      0.00801503991189262,
      0.005195987872684944
    ],
    [
      0.3645250414815592,
      0.6000000000000001
    ],
    [
      0.10358513865527608,
      0.10027243316883902
    ],
    [
      0.16219629205639516,
      0.6
    ],
    [
      0.003298986081478934,
      0.006247051736945705
    ],
    [
      0.16655937592565356,
      0.10283501928270188
    ],
    [
      2.0158928375852938e-05,
      1.5153502873706439e-05
    ],
    [
      0.3565316853949082,
      0.6
    ],
    [
      0.01019298396867778,
      0.014153911245617334
    ],
    [
      0.308954316499231,
      0.6
    ],
    [
      0.5322569643186691,
      0.6000000000000001
    ],
    [
      0.007370124227197803,
      0.008555370984892154
    ],
    [
      0.027403769460677775,
      0.030152644805462297
    ],
    [
      0.037526963558986146,
      0.03347832066668243
    ],
    [
      0.315128877947893,
      0.5999999999999999
    ],
    [
      0.2842569257206845,
      0.44785140645073995
    ],
    [
      0.5882734060287476,
      0.43259646743535995
    ],
    [
      0.5171114578843117,
      0.503230132162571
    ],
    [
      1.480374407947238e-05,
      6.1224824321470805e-06
    ],
    [
      1.5189151554295677e-05,
      7.893731890362687e-06
    ]
  ],
  "signal_quality": [
    {
      "level": 3,
      "saturated": false,
      "xtalk": false
    },
    {
      "level": 3,
      "saturated": false,
      "xtalk": false
    },
    {
      "level": 3,
      "saturated": false,
      "xtalk": false
    },
    {
      "level": 3,
      "saturated": false,
      "xtalk": false
    },
    {
      "level": 3,
      "saturated": false,
      "xtalk": false
    },
    {
      "level": 3,
      "saturated": false,
      "xtalk": false
    },
    {
      "level": 1,
      "saturated": false,
      "xtalk": false
    },
    {
      "level": 3,
      "saturated": false,
      "xtalk": false
    },
    {
      "level": 3,
      "saturated": false,
      "xtalk": false
    },
    {
      "level": 3,
      "saturated": false,
      "xtalk": false
    },
    {
      "level": 3,
      "saturated": false,
      "xtalk": false
    },
    {
      "level": 3,
      "saturated": false,
      "xtalk": false
    },
    {
      "level": 3,
      "saturated": false,
      "xtalk": false
    },
    {
      "level": 3,
      "saturated": false,
      "xtalk": false
    },
    {
      "level": 3,
      "saturated": false,
      "xtalk": false
    },
    {
      "level": 3,
      "saturated": false,
      "xtalk": false
    },
    {
      "level": 3,
      "saturated": false,
      "xtalk": false
    },
    {
      "level": 3,
      "saturated": false,
      "xtalk": false
    },
    {
      "level": 1,
      "saturated": false,
      "xtalk": false
    },
    {
      "level": 1,
      "saturated": false,
      "xtalk": false
    }
  ],
  "coefficient_of_variation": [
    [
      0.2227506805615002,
      0.23349888515836695
    ],
    [
      0.5140448654075646,
      0.5737983594596385
    ],
    [
      0.0583869238502949,
      0.04666063264162757
    ],
    [
      0.15915912350191316,
      0.07039655783414851
    ],
    [
      0.2983165086886949,
      0.19515795639096445
    ],
    [
      1.7364824862392967,
      1.7612885946782175
    ],
    [
      3.175631980706102,
      1.6389688906140922
    ],
    [
      0.03534245250293297,
      0.03502819069437452
    ],
    [
      0.15105970780050673,
      0.10993093845809886
    ],
    [
      0.8679906596755577,
      0.9801238087520329
    ],
    [
      0.021068126231394837,
      0.020332787993331665
    ],
    [
      0.1873753909855341,
      0.13725511152415934
    ],
    [
      4.052663407707552,
      4.06877974983198
    ],
    [
      0.09806767429843684,
      0.12427004442826815
    ],
    [
      2.6924001227930776,
      2.99825283889739
    ],
    [
      1.161513465911528,
      1.1898080189201592
    ],
    [
      0.04198614260123025,
      0.04659862856064474
    ],
    [
      2.359287225308521,
      2.406142823969293
    ],
    [
      2.4063277889580217,
      3.053097399793694
    ],
    [
      3.0122709488498582,
      1.5167539154027527
    ]
  ]
}